YEAR,SSP1-,SSP1,SSP1+,SSP2-,SSP2,SSP2+,SSP3-,SSP3,SSP3+,SSP4-,SSP4,SSP4+,SSP5-,SSP5,SSP5+
2025,16.88,17.214141,17.85,16.78,17.102911,17.602911,16.41649495,17.280521,18.14454705,16.5037439,17.372362,18.2409801,16.340265,17.040265,19.09
2030,17.77,18.208478,18.92,17.87,18.568977,19.168977,18.3060364,19.269512,20.2329876,17.9563832,18.901456,19.8465288,19.031532,19.521532,21.34
2035,18.37,18.823409,19.48,18.59,19.599201,20.299201,20.07484995,21.131421,22.18799205,18.99785585,19.997743,20.99763015,21.10075,21.520075,23.28
2040,19.04,19.550849,20.17,19.38,20.300151,20.900151,21.1176773,22.229134,23.3405907,19.7822471,20.823418,21.8645889,22.107695,22.707695,23.92
2045,19.37,19.947885,20.68,19.73,20.793432,21.293432,21.67459865,22.815367,23.95613535,20.6777627,21.766066,22.8543693,22.450522,23.450522,24.68
2050,19.64,20.206604,20.94,20.28,21.251659,21.951659,22.10619695,23.269681,24.43316505,21.14794145,22.260991,23.37404055,23.139964,24.239964,25.037
2055,19.83,20.403797,21.06,20.75,21.38202,21.98202,22.36503585,23.542143,24.71925015,21.44419135,22.572833,23.70147465,24.101694,24.701694,25.491
2060,19.986203,20.56,21.216203,20.92398,21.556,22.156,22.60989285,23.787,24.96410715,21.99135835,23.12,24.24864165,24.654,25.254,26.043306